Datacenter Code,Id,Title,Task Type,Fault Description,Created Date,State,Assigned To,Work End Date,Work Start Date,Expedite
DC1,1000,Disk Replacement: Faulty Drive,BreakFix,Storage: Disk Drive Failure,7/29/24 10:00,Resolved,Jane Doe <jdoe@abc-dc.com>,7/29/24 17:00,7/29/24 10:30,y
DC1,1001,Network Configuration: VLAN Setup,BreakFix,Network Device: VLAN Configuration Issue,7/29/24 11:00,Hold,Emily Smith <esmith@abc-dc.com>,,7/29/24 11:00,n
DC1,1002,Server Maintenance: CPU Replacement,BreakFix,Server: CPU Failure,7/29/24 12:00,Created,John Doe <jdoe@abc-dc.com>,,,n
DC1,1003,Firewall Update: Security Patch,BreakFix,Network Device: Security Update,7/29/24 13:00,Hold,Jane Doe <jdoe@abc-dc.com>,,7/29/24 15:00,y
DC1,1004,Rack Installation: New Equipment,Deployment,Hardware: Rack Installation,7/29/24 14:00,Resolved,Chris Evans <cevans@abc-dc.com>,7/29/24 16:00,7/29/24 14:00,y
DC1,1005,Power Supply Replacement,BreakFix,Power Supply: Hardware Failure,7/29/24 15:00,Created,Patricia Johnson <pjohnson@abc-dc.com>,,,n
DC1,1006,Network Switch Reboot,BreakFix,Network Device: Switch Failure,7/29/24 16:00,Resolved,Michael Brown <mbrown@abc-dc.com>,7/29/24 18:00,7/29/24 16:00,n
DC1,1007,Server Upgrade: Memory Expansion,BreakFix,Server: Insufficient Memory,7/29/24 17:00,Resolved,Linda Davis <ldavis@abc-dc.com>,7/29/24 18:30,7/29/24 17:00,n
DC1,1008,UPS Battery Replacement,BreakFix,UPS: Battery Failure,7/29/24 18:00,Resolved,Robert Garcia <rgarcia@abc-dc.com>,7/29/24 19:00,7/29/24 18:00,y
DC1,1009,Cable Management: Reorganization,BreakFix,Cabling: Poor Management,7/29/24 19:00,Resolved,Sarah Wilson <swilson@abc-dc.com>,7/29/24 19:30,7/29/24 19:00,y
DC1,1010,Power Supply Voltage Check,BreakFix,Power Supply: Voltage Fluctuations,7/29/24 20:00,Hold,James Martinez <jmartinez@abc-dc.com>,,7/29/24 20:00,n
DC1,1011,Rack Setup: New Hardware,Deployment,Hardware: New Rack Setup,7/29/24 21:00,Hold,Mary Anderson <manderson@abc-dc.com>,,7/29/24 21:00,y
DC1,1012,Server Diagnostics: Hardware Check,BreakFix,Server: Hardware Failure,7/29/24 22:00,Hold,William Taylor <wtaylor@abc-dc.com>,,7/29/24 22:00,y
DC1,1013,Switch Configuration: Port Assignment,BreakFix,Network Device: Port Assignment Issue,7/29/24 23:00,Resolved,Elizabeth Thomas <ethomas@abc-dc.com>,8/1/24 1:00,7/29/24 23:00,y
DC1,1014,Hardware Upgrade: New SSD,BreakFix,Storage: SSD Upgrade,8/1/24 0:00,Resolved,David Hernandez <dhernandez@abc-dc.com>,8/1/24 1:30,8/1/24 0:00,n
DC1,1015,Network Router Firmware Update,BreakFix,Network Device: Firmware Outdated,8/1/24 1:00,Resolved,Barbara Moore <bmoore@abc-dc.com>,8/1/24 2:00,8/1/24 1:00,n
DC3,1016,Server Cooling System Replacement,BreakFix,Server: Overheating Issue,8/1/24 2:00,Resolved,Richard Jackson <rjackson@abc-dc.com>,8/1/24 3:00,8/1/24 2:00,y
DC3,1017,Network Card Installation,Deployment,Network Device: New Card Installation,8/1/24 3:00,Resolved,Susan Martin <smartin@abc-dc.com>,8/1/24 4:00,8/1/24 3:00,n
DC3,1018,Patch Management: Software Update,BreakFix,Server: Software Patch Needed,8/1/24 4:00,Resolved,Joseph Lee <jlee@abc-dc.com>,8/1/24 5:00,8/1/24 4:00,n
DC3,1019,Power Distribution Unit Check,BreakFix,Power: Distribution Unit Fault,8/1/24 5:00,Resolved,Karen Harris <kharris@abc-dc.com>,8/1/24 6:00,8/1/24 5:00,y
DC3,1020,Server Firmware Update,BreakFix,Server: Firmware Outdated,8/1/24 6:00,Resolved,Charles Clark <cclark@abc-dc.com>,8/1/24 7:00,8/1/24 6:00,n
DC3,1021,Data Backup Verification,BreakFix,Storage: Backup Verification Needed,8/1/24 7:00,Resolved,Nancy Lewis <nlewis@abc-dc.com>,8/1/24 8:00,8/1/24 7:00,n
DC3,1022,Switch Configuration: New VLAN,BreakFix,Network Device: VLAN Setup,8/1/24 8:00,Resolved,Daniel Walker <dwalker@abc-dc.com>,8/1/24 9:00,8/1/24 8:00,y
DC3,1023,Disk Migration: Data Transfer,BreakFix,Storage: Disk Data Migration,8/1/24 9:00,Resolved,Jessica Hall <jhall@abc-dc.com>,8/1/24 10:00,8/1/24 9:00,y
DC3,1024,Operating System Patch Installation,BreakFix,Server: OS Patch Needed,8/1/24 10:00,Resolved,Matthew Allen <mallen@abc-dc.com>,8/1/24 11:00,8/1/24 10:00,n
DC3,1025,Network Firmware Update,BreakFix,Network Device: Firmware Outdated,8/1/24 11:00,Resolved,Lisa Young <lyoung@abc-dc.com>,8/1/24 12:00,8/1/24 11:00,n
DC3,1026,UPS System Check,BreakFix,UPS: System Health Check,8/1/24 12:00,Resolved,Andrew King <aking@abc-dc.com>,8/1/24 13:00,8/1/24 12:00,n
DC3,1027,Power Surge Protection Check,BreakFix,Power: Surge Protection Issue,8/1/24 13:00,Resolved,Betty Wright <bwright@abc-dc.com>,8/1/24 14:00,8/1/24 13:00,y
DC3,1028,Disk Replacement: Hot Spare Setup,BreakFix,Storage: Hot Spare Disk Setup,8/1/24 14:00,Resolved,Paul Scott <pscott@abc-dc.com>,8/1/24 15:00,8/1/24 14:00,y
DC3,1029,Server Rack: Cable Management,BreakFix,Cabling: Poor Management,8/1/24 15:00,Resolved,Margaret Green <mgreen@abc-dc.com>,8/1/24 16:00,8/1/24 15:00,n
DC3,1030,Phase Balancing in Power Distribution,BreakFix,Power: Phase Imbalance,8/1/24 16:00,Resolved,Steven Adams <sadams@abc-dc.com>,8/1/24 17:00,8/1/24 16:00,y
DC3,1031,Network Interface Hardware Check,BreakFix,Network Device: Hardware Issue,8/1/24 17:00,Resolved,Dorothy Baker <dbaker@abc-dc.com>,8/1/24 18:00,8/1/24 17:00,y
DC3,1032,Server Performance Diagnostic,BreakFix,Server: Performance Degradation,8/1/24 18:00,Resolved,Kenneth Gonzalez <kgonzalez@abc-dc.com>,8/1/24 19:00,8/1/24 18:00,y
DC3,1033,Switch Port Replacement,BreakFix,Network Device: Faulty Port,8/1/24 19:00,Resolved,Sandra Nelson <snelson@abc-dc.com>,8/1/24 20:00,8/1/24 19:00,n
DC4,1034,Server Memory Expansion,BreakFix,Server: Insufficient Memory,8/1/24 20:00,Resolved,George Carter <gcarter@abc-dc.com>,8/1/24 21:00,8/1/24 20:00,n
DC4,1035,Network Monitoring: Threshold Configuration,BreakFix,Network Device: Threshold Setup,8/1/24 21:00,Resolved,Ashley Mitchell <amitchell@abc-dc.com>,8/1/24 22:00,8/1/24 21:00,y
DC4,1036,Firewall Rule Update,BreakFix,Network Device: Firewall Configuration,8/1/24 22:00,Resolved,Joshua Perez <jperez@abc-dc.com>,8/1/24 23:00,8/1/24 22:00,n
DC4,1037,Voltage Stability Check,BreakFix,Power Supply: Voltage Fluctuations,8/1/24 23:00,Resolved,Kimberly Roberts <kroberts@abc-dc.com>,7/31/24 0:00,8/1/24 23:00,n
DC4,1038,UPS Load Calibration,BreakFix,UPS: Load Imbalance,7/31/24 0:00,Resolved,Kevin Turner <kturner@abc-dc.com>,7/31/24 1:00,7/31/24 0:00,y
DC4,1039,Disk Redundancy Test,BreakFix,Storage: Redundancy Check,7/31/24 1:00,Resolved,Shirley Phillips <sphillips@abc-dc.com>,7/31/24 2:00,7/31/24 1:00,n
DC4,1040,Equipment Status Audit,BreakFix,Audit: Hardware Check,7/31/24 2:00,Resolved,Edward Campbell <ecampbell@abc-dc.com>,7/31/24 3:00,7/31/24 2:00,n
DC4,1041,Server Hardware Diagnostics,BreakFix,Server: Hardware Failure,7/31/24 3:00,Resolved,Amanda Parker <aparker@abc-dc.com>,7/31/24 4:00,7/31/24 3:00,y
DC4,1042,VLAN Update on Switch,BreakFix,Network Device: VLAN Configuration,7/31/24 4:00,Resolved,Brian Evans <bevans@abc-dc.com>,7/31/24 5:00,7/31/24 4:00,y
DC4,1043,Switch Replacement Due to Traffic,BreakFix,Network Device: High Traffic Load,7/31/24 5:00,Resolved,Carol Collins <ccollins@abc-dc.com>,7/31/24 6:00,7/31/24 5:00,n
DC4,1044,Server Software Update,BreakFix,Server: Software Patch Needed,7/31/24 6:00,Resolved,Frank Edwards <fedwards@abc-dc.com>,7/31/24 7:00,7/31/24 6:00,n
DC4,1045,Load Balancer Configuration,BreakFix,Network Device: Load Balancer Setup,7/31/24 7:00,Resolved,Rebecca Stewart <rstewart@abc-dc.com>,7/31/24 8:00,7/31/24 7:00,n
DC4,1046,Generator Check,BreakFix,Power: Generator Test,7/31/24 8:00,Resolved,Gary Sanchez <gsanchez@abc-dc.com>,7/31/24 9:00,7/31/24 8:00,y
DC4,1047,Backup Restoration Test,BreakFix,Storage: Backup Recovery,7/31/24 9:00,Resolved,Michelle Morris <mmorris@abc-dc.com>,7/31/24 10:00,7/31/24 9:00,y
DC4,1048,Server Cooling System Check,BreakFix,Server: Cooling Fan Issue,7/31/24 10:00,Resolved,Ronald Rogers <rrogers@abc-dc.com>,7/31/24 11:00,7/31/24 10:00,n
DC4,1049,Network Traffic Analysis,BreakFix,Network Device: Traffic Monitoring,7/31/24 11:00,Resolved,Laura Reed <lreed@abc-dc.com>,7/31/24 12:00,7/31/24 11:00,y
DC5,1050,Disk Cleanup on Server,BreakFix,Storage: Disk Space Management,7/31/24 12:00,Resolved,Anthony Cook <acook@abc-dc.com>,7/31/24 13:00,7/31/24 12:00,y
DC5,1051,Quality of Service Configuration,BreakFix,Network Device: QoS Settings,7/31/24 13:00,Resolved,Helen Morgan <hmorgan@abc-dc.com>,7/31/24 14:00,7/31/24 13:00,y
DC5,1052,Circuit Stability Check,BreakFix,Power Supply: Circuit Fluctuations,7/31/24 14:00,Resolved,Mark Bell <mbell@abc-dc.com>,7/31/24 15:00,7/31/24 14:00,n
DC5,1053,Data Backup Verification,BreakFix,Storage: Backup Consistency,7/31/24 15:00,Resolved,Deborah Murphy <dmurphy@abc-dc.com>,7/31/24 16:00,7/31/24 15:00,n
DC5,1054,Configuration Audit on Switch,BreakFix,Network Device: Configuration Issue,7/31/24 16:00,Resolved,Larry Bailey <lbailey@abc-dc.com>,7/31/24 17:00,7/31/24 16:00,y
DC5,1055,Patch Installation on Server,BreakFix,Server: Software Patch Needed,7/31/24 17:00,Resolved,Jennifer Rivera <jrivera@abc-dc.com>,7/31/24 18:00,7/31/24 17:00,n
DC5,1056,Disk Array Consistency Check,BreakFix,Storage: Disk Array Issue,7/31/24 18:00,Resolved,Donald Cooper <dcooper@abc-dc.com>,7/31/24 19:00,7/31/24 18:00,n
DC5,1057,Firmware Update on Network Device,BreakFix,Network Device: Outdated Firmware,7/31/24 19:00,Resolved,Cynthia Richardson <crichardson@abc-dc.com>,7/31/24 20:00,7/31/24 19:00,y
DC5,1058,Power Redundancy Check,BreakFix,Power Supply: Redundancy Issue,7/31/24 20:00,Resolved,Stephen Cox <scox@abc-dc.com>,7/31/24 21:00,7/31/24 20:00,n
DC5,1059,Latency Issue Diagnostics,BreakFix,Network Device: Latency Problem,7/31/24 21:00,Resolved,Jessica Ward <jward@abc-dc.com>,7/31/24 22:00,7/31/24 21:00,n
DC5,1060,Faulty Power Supply Repair,BreakFix,Power Supply: Hardware Issue,7/31/24 22:00,Resolved,Timothy Morgan <tmorgan@abc-dc.com>,7/31/24 23:00,7/31/24 22:00,y
DC5,1061,Port Diagnostics on Network Device,BreakFix,Network Device: Faulty Port,7/31/24 23:00,Resolved,Brenda Peterson <bpeterson@abc-dc.com>,8/1/24 0:00,7/31/24 23:00,y
DC5,1062,Critical Data Recovery,BreakFix,Storage: Data Loss,8/1/24 0:00,Resolved,Jason Gray <jgray@abc-dc.com>,8/1/24 1:00,8/1/24 0:00,n
DC5,1063,Memory Diagnostic on Server,BreakFix,Server: Memory Failure,8/1/24 1:00,Resolved,Catherine Ramirez <cramirez@abc-dc.com>,8/1/24 2:00,8/1/24 1:00,n
DC5,1064,Voltage Level Check,BreakFix,Power Supply: Voltage Fluctuations,8/1/24 2:00,Resolved,Scott James <sjames@abc-dc.com>,8/1/24 3:00,8/1/24 2:00,n
DC5,1065,Router Configuration Update,BreakFix,Network Device: Configuration Issue,8/1/24 3:00,Resolved,Melissa Watson <mwatson@abc-dc.com>,8/1/24 4:00,8/1/24 3:00,y
DC5,1066,Rack Hardware Inspection,BreakFix,Server: Hardware Check,8/1/24 4:00,Resolved,Eric Brooks <ebrooks@abc-dc.com>,8/1/24 5:00,8/1/24 4:00,y
DC5,1067,File System Integrity Check,BreakFix,Storage: File System Corruption,8/1/24 5:00,Resolved,Amy Kelly <akelly@abc-dc.com>,8/1/24 6:00,8/1/24 5:00,n
DC5,1068,Load Balancing Check on Switch,BreakFix,Network Device: Load Balancing Issue,8/1/24 6:00,Resolved,Dennis Sanders <dsanders@abc-dc.com>,8/1/24 7:00,8/1/24 6:00,y
DC6,1069,Emergency Power Test,BreakFix,Server: Emergency Power Check,8/1/24 7:00,Resolved,Angela Price <aprice@abc-dc.com>,8/1/24 8:00,8/1/24 7:00,y
DC6,1070,Connectivity Check on Network Device,BreakFix,Network Device: Connectivity Issue,8/1/24 8:00,Resolved,Joshua Bennett <jbennett@abc-dc.com>,8/1/24 9:00,8/1/24 8:00,y
DC6,1071,Disk Expansion on Server,BreakFix,Storage: Insufficient Disk Space,8/1/24 9:00,Resolved,Megan Wood <mwood@abc-dc.com>,8/1/24 10:00,8/1/24 9:00,n
DC6,1072,Battery Backup Check,BreakFix,Power Supply: Battery Failure,8/1/24 10:00,Resolved,Ryan Barnes <rbarnes@abc-dc.com>,8/1/24 11:00,8/1/24 10:00,n
DC6,1073,IP Address Management,BreakFix,Network Device: IP Conflict,8/1/24 11:00,Resolved,Laura Ross <lross@abc-dc.com>,8/1/24 12:00,8/1/24 11:00,y
DC6,1074,Temperature Regulation Check,BreakFix,Server: Overheating Issue,8/1/24 12:00,Resolved,Adam Henderson <ahenderson@abc-dc.com>,8/1/24 13:00,8/1/24 12:00,n
DC6,1075,Disk Performance Check,BreakFix,Storage: Performance Degradation,8/1/24 13:00,Resolved,Samantha Coleman <scoleman@abc-dc.com>,8/1/24 14:00,8/1/24 13:00,n
DC6,1076,Speed Test on Network Device,BreakFix,Network Device: Slow Performance,8/1/24 14:00,Resolved,George Carter <gcarter@abc-dc.com>,8/1/24 15:00,8/1/24 14:00,y
DC6,1077,System Integrity Check,BreakFix,Server: System Check Needed,8/1/24 15:00,Resolved,Stephen Cox <scox@abc-dc.com>,8/1/24 16:00,8/1/24 15:00,n
DC6,1078,Emergency Shutdown Test,BreakFix,Power Supply: Emergency Shutdown,8/1/24 16:00,Resolved,David Hernandez <dhernandez@abc-dc.com>,8/1/24 17:00,8/1/24 16:00,n
DC1,014,Disk Replacement: Faulty Drive,BreakFix,Storage: Disk Drive Failure,8/1/24 8:00,Resolved,David Hernandez <dhernandez@abc-dc.com>,8/1/24 12:00,8/1/24 8:30,y
DC2,015,Network Configuration: VLAN Setup,BreakFix,Network Device: VLAN Configuration Issue,8/1/24 9:00,Resolved,Barbara Moore <bmoore@abc-dc.com>,,8/1/24 9:15,y
DC3,016,Server Maintenance: CPU Replacement,BreakFix,Server: CPU Failure,8/1/24 10:00,Created,Richard Jackson <rjackson@abc-dc.com>,,,n
DC4,017,Firewall Update: Security Patch,BreakFix,Network Device: Security Update,8/1/24 11:00,Resolved,Susan Martin <smartin@abc-dc.com>,,8/1/24 11:45,n
DC5,018,Rack Installation: New Equipment,Deployment,Hardware: Rack Installation,8/1/24 12:00,Resolved,Joseph Lee <jlee@abc-dc.com>,8/1/24 14:00,8/1/24 12:30,n
DC6,019,Power Supply Replacement,BreakFix,Power Supply: Hardware Failure,8/1/24 13:00,Created,Karen Harris <kharris@abc-dc.com>,,,y
DC7,020,Network Switch Reboot,BreakFix,Network Device: Switch Failure,8/1/24 14:00,Resolved,Charles Clark <cclark@abc-dc.com>,8/1/24 15:30,8/1/24 14:30,y
DC8,021,Server Upgrade: Memory Expansion,BreakFix,Server: Insufficient Memory,8/1/24 15:00,Resolved,Nancy Lewis <nlewis@abc-dc.com>,8/1/24 16:30,8/1/24 15:15,n
DC1,022,UPS Battery Replacement,BreakFix,UPS: Battery Failure,8/1/24 16:00,Resolved,Daniel Walker <dwalker@abc-dc.com>,8/1/24 17:00,8/1/24 16:30,y
DC2,023,Cable Management: Reorganization,BreakFix,Cabling: Poor Management,8/1/24 17:00,Resolved,Jessica Hall <jhall@abc-dc.com>,8/1/24 18:00,8/1/24 17:30,y
DC3,024,Power Supply Voltage Check,BreakFix,Power Supply: Voltage Fluctuations,8/1/24 18:00,Resolved,Matthew Allen <mallen@abc-dc.com>,,8/1/24 18:15,y
DC4,025,Rack Setup: New Hardware,Deployment,Hardware: New Rack Setup,8/1/24 19:00,Resolved,Lisa Young <lyoung@abc-dc.com>,,8/1/24 19:45,n
DC5,026,Server Diagnostics: Hardware Check,BreakFix,Server: Hardware Failure,8/1/24 20:00,Resolved,Andrew King <aking@abc-dc.com>,,8/1/24 20:30,n
DC6,027,Switch Configuration: Port Assignment,BreakFix,Network Device: Port Assignment Issue,8/1/24 21:00,Resolved,Betty Wright <bwright@abc-dc.com>,8/1/24 22:00,8/1/24 21:15,y
DC7,028,Disk Replacement: Faulty Drive,BreakFix,Storage: Disk Drive Failure,8/1/24 22:00,Resolved,Paul Scott <pscott@abc-dc.com>,8/1/24 23:00,8/1/24 22:30,n
DC8,029,Network Configuration: VLAN Setup,BreakFix,Network Device: VLAN Configuration Issue,8/1/24 23:00,Resolved,Margaret Green <mgreen@abc-dc.com>,,8/1/24 23:15,n
DC1,030,Server Maintenance: CPU Replacement,BreakFix,Server: CPU Failure,7/31/24 0:00,Created,Steven Adams <sadams@abc-dc.com>,,,y
DC2,031,Firewall Update: Security Patch,BreakFix,Network Device: Security Update,7/31/24 1:00,Resolved,Dorothy Baker <dbaker@abc-dc.com>,,7/31/24 1:30,n
DC3,032,Rack Installation: New Equipment,Deployment,Hardware: Rack Installation,7/31/24 2:00,Resolved,Kenneth Gonzalez <kgonzalez@abc-dc.com>,7/31/24 3:00,7/31/24 2:30,n
DC4,033,Power Supply Replacement,BreakFix,Power Supply: Hardware Failure,7/31/24 3:00,Created,Sandra Nelson <snelson@abc-dc.com>,,,y
DC5,034,Network Switch Reboot,BreakFix,Network Device: Switch Failure,7/31/24 4:00,Resolved,George Carter <gcarter@abc-dc.com>,7/31/24 5:30,7/31/24 4:30,y
DC6,035,Server Upgrade: Memory Expansion,BreakFix,Server: Insufficient Memory,7/31/24 5:00,Resolved,Ashley Mitchell <amitchell@abc-dc.com>,7/31/24 6:30,7/31/24 5:15,n
DC7,036,UPS Battery Replacement,BreakFix,UPS: Battery Failure,7/31/24 6:00,Resolved,Joshua Perez <jperez@abc-dc.com>,7/31/24 7:00,7/31/24 6:30,n
DC8,037,Cable Management: Reorganization,BreakFix,Cabling: Poor Management,7/31/24 7:00,Resolved,Kimberly Roberts <kroberts@abc-dc.com>,7/31/24 8:00,7/31/24 7:15,n
DC1,038,Power Supply Voltage Check,BreakFix,Power Supply: Voltage Fluctuations,7/31/24 8:00,Resolved,Kevin Turner <kturner@abc-dc.com>,,7/31/24 8:30,y
DC2,039,Rack Setup: New Hardware,Deployment,Hardware: New Rack Setup,7/31/24 9:00,Resolved,Shirley Phillips <sphillips@abc-dc.com>,,7/31/24 9:45,y
DC3,040,Server Diagnostics: Hardware Check,BreakFix,Server: Hardware Failure,7/31/24 10:00,Resolved,Edward Campbell <ecampbell@abc-dc.com>,,7/31/24 10:30,n
DC4,041,Switch Configuration: Port Assignment,BreakFix,Network Device: Port Assignment Issue,7/31/24 11:00,Resolved,Amanda Parker <aparker@abc-dc.com>,7/31/24 12:00,7/31/24 11:15,y
DC5,042,Disk Replacement: Faulty Drive,BreakFix,Storage: Disk Drive Failure,7/31/24 12:00,Resolved,Brian Evans <bevans@abc-dc.com>,7/31/24 13:00,7/31/24 12:30,y
DC6,043,Network Configuration: VLAN Setup,BreakFix,Network Device: VLAN Configuration Issue,7/31/24 13:00,Resolved,Carol Collins <ccollins@abc-dc.com>,,7/31/24 13:15,y
DC7,044,Server Maintenance: CPU Replacement,BreakFix,Server: CPU Failure,7/31/24 14:00,Created,Frank Edwards <fedwards@abc-dc.com>,,,n
DC8,045,Firewall Update: Security Patch,BreakFix,Network Device: Security Update,7/31/24 15:00,Resolved,Rebecca Stewart <rstewart@abc-dc.com>,,7/31/24 15:30,n
DC1,046,Rack Installation: New Equipment,Deployment,Hardware: Rack Installation,7/31/24 16:00,Resolved,Gary Sanchez <gsanchez@abc-dc.com>,7/31/24 17:00,7/31/24 16:30,y
DC2,047,Power Supply Replacement,BreakFix,Power Supply: Hardware Failure,7/31/24 17:00,Created,Michelle Morris <mmorris@abc-dc.com>,,,n
DC3,048,Network Switch Reboot,BreakFix,Network Device: Switch Failure,7/31/24 18:00,Resolved,Ronald Rogers <rrogers@abc-dc.com>,7/31/24 19:00,7/31/24 18:30,n
DC4,049,Server Upgrade: Memory Expansion,BreakFix,Server: Insufficient Memory,7/31/24 19:00,Resolved,Laura Reed <lreed@abc-dc.com>,7/31/24 20:00,7/31/24 19:15,n
DC5,050,UPS Battery Replacement,BreakFix,UPS: Battery Failure,7/31/24 20:00,Resolved,Anthony Cook <acook@abc-dc.com>,7/31/24 21:00,7/31/24 20:30,y
DC6,051,Cable Management: Reorganization,BreakFix,Cabling: Poor Management,7/31/24 21:00,Resolved,Helen Morgan <hmorgan@abc-dc.com>,7/31/24 22:00,7/31/24 21:15,y
DC7,052,Power Supply Voltage Check,BreakFix,Power Supply: Voltage Fluctuations,7/31/24 22:00,Resolved,Mark Bell <mbell@abc-dc.com>,,7/31/24 22:30,n
DC8,053,Rack Setup: New Hardware,Deployment,Hardware: New Rack Setup,7/31/24 23:00,Resolved,Deborah Murphy <dmurphy@abc-dc.com>,,7/31/24 23:45,y
DC1,054,Server Diagnostics: Hardware Check,BreakFix,Server: Hardware Failure,8/1/24 0:00,Resolved,Larry Bailey <lbailey@abc-dc.com>,,8/1/24 0:30,y
DC2,055,Switch Configuration: Port Assignment,BreakFix,Network Device: Port Assignment Issue,8/1/24 1:00,Resolved,Jennifer Rivera <jrivera@abc-dc.com>,8/1/24 2:00,8/1/24 1:15,y
DC3,056,Disk Replacement: Faulty Drive,BreakFix,Storage: Disk Drive Failure,8/1/24 2:00,Resolved,Donald Cooper <dcooper@abc-dc.com>,8/1/24 3:00,8/1/24 2:30,n
DC4,057,Network Configuration: VLAN Setup,BreakFix,Network Device: VLAN Configuration Issue,8/1/24 3:00,Resolved,Cynthia Richardson <crichardson@abc-dc.com>,,8/1/24 3:15,n
DC5,058,Server Maintenance: CPU Replacement,BreakFix,Server: CPU Failure,8/1/24 4:00,Created,Stephen Cox <scox@abc-dc.com>,,,y
DC6,059,Firewall Update: Security Patch,BreakFix,Network Device: Security Update,8/1/24 5:00,Resolved,Jessica Ward <jward@abc-dc.com>,,8/1/24 5:30,n
DC7,060,Rack Installation: New Equipment,Deployment,Hardware: Rack Installation,8/1/24 6:00,Resolved,Timothy Morgan <tmorgan@abc-dc.com>,8/1/24 7:00,8/1/24 6:30,n
DC1,2000,Firewall Reconfiguration,BreakFix,Network Device: Firewall Configuration Issue,7/31/24 1:00,Resolved,Justin Max <jumax@abc-dc.com>,7/31/24 2:00,7/31/24 1:00,y
DC2,2001,Power Supply Replacement,BreakFix,Power Supply: Hardware Failure,7/31/24 3:00,Resolved,Emily Smith <esmith@abc-dc.com>,7/31/24 4:00,7/31/24 3:30,n
DC3,2002,Server Disk Cleanup,BreakFix,Server: Disk Space Optimization,7/31/24 5:00,Resolved,John Doe <jdoe@abc-dc.com>,7/31/24 6:00,7/31/24 5:30,n
DC4,2003,Switch Configuration,BreakFix,Network Device: Port Configuration,7/31/24 7:00,Resolved,Jane Doe <jdoe@abc-dc.com>,7/31/24 8:00,7/31/24 7:30,y
DC5,2004,Disk Array Check,BreakFix,Storage: Disk Array Integrity,7/31/24 9:00,Resolved,Chris Evans <cevans@abc-dc.com>,7/31/24 10:00,7/31/24 9:15,y
DC6,2005,Rack Installation,Deployment,Hardware: New Rack Setup,7/31/24 11:00,Resolved,Patricia Johnson <pjohnson@abc-dc.com>,7/31/24 12:00,7/31/24 11:30,n
DC7,2006,Network Monitoring Setup,Deployment,Network Device: Monitoring Configuration,7/31/24 13:00,Resolved,Michael Brown <mbrown@abc-dc.com>,7/31/24 14:00,7/31/24 13:15,n
DC8,2007,Power Distribution Check,BreakFix,Power Supply: Voltage Distribution Issue,7/31/24 15:00,Resolved,Linda Davis <ldavis@abc-dc.com>,7/31/24 16:00,7/31/24 15:30,n
DC1,2008,Firewall Update,BreakFix,Network Device: Security Patch Installation,7/31/24 17:00,Resolved,Robert Garcia <rgarcia@abc-dc.com>,7/31/24 18:00,7/31/24 17:15,y
DC2,2009,Cooling System Check,BreakFix,Server: Cooling System Malfunction,7/31/24 19:00,Resolved,Sarah Wilson <swilson@abc-dc.com>,7/31/24 20:00,7/31/24 19:30,y
DC3,2010,Network Interface Reboot,BreakFix,Network Device: Interface Error,7/31/24 21:00,Resolved,James Martinez <jmartinez@abc-dc.com>,7/31/24 22:00,7/31/24 21:15,n
DC4,2011,UPS Battery Replacement,BreakFix,UPS: Battery Failure,7/31/24 23:00,Resolved,Mary Anderson <manderson@abc-dc.com>,7/31/24 23:59,7/31/24 23:15,y
DC5,2012,Data Backup Verification,BreakFix,Storage: Data Backup Consistency,8/1/24 0:00,Resolved,William Taylor <wtaylor@abc-dc.com>,8/1/24 1:00,8/1/24 0:30,y
DC6,2013,Power Surge Check,BreakFix,Power Supply: Surge Protection Issue,8/1/24 2:00,Resolved,Elizabeth Thomas <ethomas@abc-dc.com>,8/1/24 3:00,8/1/24 2:15,y
DC7,2014,Firewall Rule Update,BreakFix,Network Device: Firewall Configuration Update,8/1/24 4:00,Resolved,David Hernandez <dhernandez@abc-dc.com>,8/1/24 5:00,8/1/24 4:15,n
DC8,2015,Server Firmware Update,BreakFix,Server: Firmware Outdated,8/1/24 6:00,Resolved,Barbara Moore <bmoore@abc-dc.com>,8/1/24 7:00,8/1/24 6:30,n
DC1,2016,Rack Power Audit,BreakFix,Power Supply: Rack Power Distribution Issue,8/1/24 8:00,Resolved,Richard Jackson <rjackson@abc-dc.com>,8/1/24 9:00,8/1/24 8:30,y
DC2,2017,Network Diagnostics,BreakFix,Network Device: Performance Degradation,8/1/24 10:00,Resolved,Susan Martin <smartin@abc-dc.com>,8/1/24 11:00,8/1/24 10:15,n
DC3,2018,Server Disk Replacement,BreakFix,Storage: Disk Failure,8/1/24 12:00,Resolved,Joseph Lee <jlee@abc-dc.com>,8/1/24 13:00,8/1/24 12:15,n
DC4,2019,UPS Calibration,BreakFix,UPS: Load Calibration Issue,8/1/24 14:00,Resolved,Karen Harris <kharris@abc-dc.com>,8/1/24 15:00,8/1/24 14:30,y
DC5,2020,Firewall Configuration Audit,BreakFix,Network Device: Firewall Configuration Error,8/1/24 16:00,Resolved,Charles Clark <cclark@abc-dc.com>,8/1/24 17:00,8/1/24 16:15,n
DC6,2021,Server Memory Expansion,BreakFix,Server: Insufficient Memory,8/1/24 18:00,Resolved,Nancy Lewis <nlewis@abc-dc.com>,8/1/24 19:00,8/1/24 18:30,n
DC7,2022,Data Center Audit,BreakFix,Facility: Equipment Audit,8/1/24 20:00,Resolved,Daniel Walker <dwalker@abc-dc.com>,8/1/24 21:00,8/1/24 20:15,y
DC8,2023,Network Router Replacement,Deployment,Network Device: Router Malfunction,8/1/24 22:00,Resolved,Jessica Hall <jhall@abc-dc.com>,8/1/24 23:00,8/1/24 22:30,y
DC1,2024,Disk Failure Alert,BreakFix,Storage: Disk Failure Detected,8/1/24 23:59,Resolved,Matthew Allen <mallen@abc-dc.com>,8/2/24 0:59,8/1/24 23:59,n
DC2,2025,Power Redundancy Check,BreakFix,Power Supply: Redundancy Issue,8/1/24 1:00,Resolved,Lisa Young <lyoung@abc-dc.com>,8/1/24 2:00,8/1/24 1:30,n
DC3,2026,Network Load Balancing,BreakFix,Network Device: Load Balancer Failure,8/1/24 3:00,Resolved,Andrew King <aking@abc-dc.com>,8/1/24 4:00,8/1/24 3:30,n
DC4,2027,UPS Health Check,BreakFix,UPS: Battery Degradation,8/1/24 5:00,Resolved,Betty Wright <bwright@abc-dc.com>,8/1/24 6:00,8/1/24 5:15,y
DC5,2028,Rack Setup,Deployment,Hardware: New Rack Setup,8/1/24 7:00,Resolved,Paul Scott <pscott@abc-dc.com>,8/1/24 8:00,8/1/24 7:30,y
DC6,2029,Firewall Rule Audit,BreakFix,Network Device: Firewall Rule Misconfiguration,8/1/24 9:00,Resolved,Margaret Green <mgreen@abc-dc.com>,8/1/24 10:00,8/1/24 9:15,n
DC7,2030,Disk Array Redundancy,BreakFix,Storage: Redundancy Failure Detected,8/1/24 11:00,Resolved,Steven Adams <sadams@abc-dc.com>,8/1/24 12:00,8/1/24 11:30,y
DC8,2031,Power Supply Replacement,BreakFix,Power Supply: Hardware Failure,8/1/24 13:00,Resolved,Dorothy Baker <dbaker@abc-dc.com>,8/1/24 14:00,8/1/24 13:15,y
DC1,2032,Firewall Patch Installation,BreakFix,Network Device: Security Vulnerability,8/1/24 15:00,Resolved,Kenneth Gonzalez <kgonzalez@abc-dc.com>,8/1/24 16:00,8/1/24 15:30,y
DC2,2033,Server Performance Tuning,BreakFix,Server: Performance Degradation,8/1/24 17:00,Resolved,Sandra Nelson <snelson@abc-dc.com>,8/1/24 18:00,8/1/24 17:30,n
DC3,2034,Rack Reorganization,Deployment,Hardware: Rack Space Optimization,8/1/24 19:00,Resolved,George Carter <gcarter@abc-dc.com>,8/1/24 20:00,8/1/24 19:15,n
DC4,2035,Network Latency Issue,BreakFix,Network Device: High Latency Detected,8/1/24 21:00,Resolved,Ashley Mitchell <amitchell@abc-dc.com>,8/1/24 22:00,8/1/24 21:15,y
DC5,2036,UPS Voltage Check,BreakFix,UPS: Voltage Fluctuation,8/1/24 23:00,Resolved,Joshua Perez <jperez@abc-dc.com>,8/2/24 0:00,8/1/24 23:15,n
DC6,2037,Disk Cleanup,BreakFix,Storage: Insufficient Disk Space,8/2/24 1:00,Resolved,Kimberly Roberts <kroberts@abc-dc.com>,8/2/24 2:00,8/2/24 1:30,n
DC7,2038,Network Cable Replacement,BreakFix,Network Device: Faulty Cable Detected,8/2/24 3:00,Resolved,Kevin Turner <kturner@abc-dc.com>,8/2/24 4:00,8/2/24 3:30,y
DC8,2039,Power Supply Replacement,BreakFix,Power Supply: Voltage Issue,8/2/24 5:00,Resolved,Shirley Phillips <sphillips@abc-dc.com>,8/2/24 6:00,8/2/24 5:15,n
DC1,2040,Firewall Configuration,BreakFix,Network Device: Misconfiguration,8/2/24 7:00,Resolved,Edward Campbell <ecampbell@abc-dc.com>,8/2/24 8:00,8/2/24 7:30,n
DC2,2041,Server Upgrade,BreakFix,Server: Hardware Upgrade Required,8/2/24 9:00,Resolved,Amanda Parker <aparker@abc-dc.com>,8/2/24 10:00,8/2/24 9:15,y
DC3,2042,Rack Cable Management,BreakFix,Cabling: Poor Cable Management,8/2/24 11:00,Resolved,Brian Evans <bevans@abc-dc.com>,8/2/24 12:00,8/2/24 11:30,y
DC4,2043,UPS System Audit,BreakFix,UPS: System Failure Detected,8/2/24 13:00,Resolved,Carol Collins <ccollins@abc-dc.com>,8/2/24 14:00,8/2/24 13:15,n
DC5,2044,Network Security Audit,BreakFix,Network Device: Security Breach,8/2/24 15:00,Resolved,Frank Edwards <fedwards@abc-dc.com>,8/2/24 16:00,8/2/24 15:30,n
DC6,2045,Firewall Configuration Review,BreakFix,Network Device: Configuration Error,8/2/24 17:00,Resolved,Rebecca Stewart <rstewart@abc-dc.com>,8/2/24 18:00,8/2/24 17:15,n
DC7,2046,Disk Array Failure,BreakFix,Storage: Disk Array Issue Detected,8/2/24 19:00,Resolved,Gary Sanchez <gsanchez@abc-dc.com>,8/2/24 20:00,8/2/24 19:30,y
DC8,2047,Server Power Issue,BreakFix,Power Supply: Power Distribution Failure,8/2/24 21:00,Resolved,Michelle Morris <mmorris@abc-dc.com>,8/2/24 22:00,8/2/24 21:15,y
DC1,2048,Rack Setup,BreakFix,Hardware: Rack Setup Failure,8/2/24 23:00,Resolved,Ronald Rogers <rrogers@abc-dc.com>,8/3/24 0:00,8/2/24 23:15,n
DC2,2049,Server Disk Replacement,BreakFix,Storage: Disk Replacement Required,8/3/24 1:00,Resolved,Laura Reed <lreed@abc-dc.com>,8/3/24 2:00,8/3/24 1:15,y
DC3,2050,Power Distribution Unit Check,BreakFix,Power Supply: Unit Failure,8/3/24 3:00,Resolved,Anthony Cook <acook@abc-dc.com>,8/3/24 4:00,8/3/24 3:30,y
DC4,2051,Network Configuration,BreakFix,Network Device: Configuration Update,8/3/24 5:00,Resolved,Helen Morgan <hmorgan@abc-dc.com>,8/3/24 6:00,8/3/24 5:15,y
DC5,2052,Firewall Security Breach,BreakFix,Network Device: Firewall Breach Detected,8/3/24 7:00,Resolved,Mark Bell <mbell@abc-dc.com>,8/3/24 8:00,8/3/24 7:30,n
DC6,2053,UPS Battery Replacement,BreakFix,UPS: Battery Failure Detected,8/3/24 9:00,Resolved,Deborah Murphy <dmurphy@abc-dc.com>,8/3/24 10:00,8/3/24 9:30,n
DC7,2054,Server Firmware Upgrade,BreakFix,Server: Firmware Outdated,8/3/24 11:00,Resolved,Larry Bailey <lbailey@abc-dc.com>,8/3/24 12:00,8/3/24 11:30,y
DC8,2055,Rack Power Supply Issue,BreakFix,Power Supply: Power Supply Malfunction,8/3/24 13:00,Resolved,Jennifer Rivera <jrivera@abc-dc.com>,8/3/24 14:00,8/3/24 13:15,n
DC1,2056,Network Device Malfunction,BreakFix,Network Device: Device Error Detected,8/3/24 15:00,Resolved,Donald Cooper <dcooper@abc-dc.com>,8/3/24 16:00,8/3/24 15:30,n
DC2,2057,Firewall Configuration Issue,BreakFix,Network Device: Misconfiguration Detected,8/3/24 17:00,Resolved,Cynthia Richardson <crichardson@abc-dc.com>,8/3/24 18:00,8/3/24 17:15,y
DC3,2058,Server Hardware Upgrade,BreakFix,Server: Upgrade Required,8/3/24 19:00,Resolved,Stephen Cox <scox@abc-dc.com>,8/3/24 20:00,8/3/24 19:30,n
DC4,2059,Disk Failure Detected,BreakFix,Storage: Disk Failure Alert,8/3/24 21:00,Resolved,Jessica Ward <jward@abc-dc.com>,8/3/24 22:00,8/3/24 21:15,n
DC5,2060,UPS System Alert,BreakFix,UPS: System Failure Detected,8/3/24 23:00,Resolved,Timothy Morgan <tmorgan@abc-dc.com>,8/4/24 0:00,8/3/24 23:15,y
DC6,2061,Rack Reconfiguration,Deployment,Hardware: Rack Optimization Required,8/4/24 1:00,Resolved,Brenda Peterson <bpeterson@abc-dc.com>,8/4/24 2:00,8/4/24 1:30,y
DC7,2062,Network Load Balancing Failure,BreakFix,Network Device: Load Balancer Error,8/4/24 3:00,Resolved,Jason Gray <jgray@abc-dc.com>,8/4/24 4:00,8/4/24 3:15,n
DC8,2063,Disk Space Alert,BreakFix,Storage: Insufficient Disk Space,8/4/24 5:00,Resolved,Catherine Ramirez <cramirez@abc-dc.com>,8/4/24 6:00,8/4/24 5:30,n
DC1,2064,Power Redundancy Failure,BreakFix,Power Supply: Redundancy Failure Detected,8/4/24 7:00,Resolved,Scott James <sjames@abc-dc.com>,8/4/24 8:00,8/4/24 7:15,n
DC2,2065,Firewall Security Issue,BreakFix,Network Device: Security Vulnerability Detected,8/4/24 9:00,Resolved,Melissa Watson <mwatson@abc-dc.com>,8/4/24 10:00,8/4/24 9:30,y
DC3,2066,UPS Health Check,BreakFix,UPS: Health Degradation Detected,8/4/24 11:00,Resolved,Eric Brooks <ebrooks@abc-dc.com>,8/4/24 12:00,8/4/24 11:15,y
DC4,2067,Server Disk Replacement,BreakFix,Storage: Disk Replacement Required,8/4/24 13:00,Resolved,Amy Kelly <akelly@abc-dc.com>,8/4/24 14:00,8/4/24 13:30,n
DC5,2068,Network Configuration Update,BreakFix,Network Device: Configuration Issue Detected,8/4/24 15:00,Resolved,Dennis Sanders <dsanders@abc-dc.com>,8/4/24 16:00,8/4/24 15:15,y
DC6,2069,Firewall Configuration Error,BreakFix,Network Device: Firewall Misconfiguration,8/4/24 17:00,Resolved,Angela Price <aprice@abc-dc.com>,8/4/24 18:00,8/4/24 17:30,y
DC7,2070,Power Supply Replacement,BreakFix,Power Supply: Replacement Required,8/4/24 19:00,Resolved,Joshua Bennett <jbennett@abc-dc.com>,8/4/24 20:00,8/4/24 19:30,y
DC8,2071,UPS System Maintenance,BreakFix,UPS: System Maintenance Required,8/4/24 21:00,Resolved,Megan Wood <mwood@abc-dc.com>,8/4/24 22:00,8/4/24 21:15,n
DC1,2072,Disk Redundancy Check,BreakFix,Storage: Redundancy Issue Detected,8/4/24 23:00,Resolved,Ryan Barnes <rbarnes@abc-dc.com>,8/5/24 0:00,8/4/24 23:30,n
DC2,2073,Network Device Update,BreakFix,Network Device: Firmware Update Required,8/5/24 1:00,Resolved,Laura Ross <lross@abc-dc.com>,8/5/24 2:00,8/5/24 1:30,y
DC3,2074,Power Supply Issue,BreakFix,Power Supply: Voltage Fluctuation Detected,8/5/24 3:00,Resolved,Adam Henderson <ahenderson@abc-dc.com>,8/5/24 4:00,8/5/24 3:15,n
DC4,2075,Firewall Breach Detected,BreakFix,Network Device: Security Breach,8/5/24 5:00,Resolved,Samantha Coleman <scoleman@abc-dc.com>,8/5/24 6:00,8/5/24 5:15,n
DC5,2076,Disk Health Check,BreakFix,Storage: Disk Health Issue Detected,8/5/24 7:00,Resolved,George Carter <gcarter@abc-dc.com>,8/5/24 8:00,8/5/24 7:30,y
DC6,2077,Network Device Configuration,BreakFix,Network Device: Configuration Update Required,8/5/24 9:00,Resolved,Ashley Mitchell <amitchell@abc-dc.com>,8/5/24 10:00,8/5/24 9:15,y
DC7,2078,UPS Battery Replacement,BreakFix,UPS: Battery Failure Detected,8/5/24 11:00,Resolved,Joshua Perez <jperez@abc-dc.com>,8/5/24 12:00,8/5/24 11:30,n
DC8,2079,Server Upgrade Required,BreakFix,Server: Hardware Upgrade Required,8/5/24 13:00,Resolved,Kimberly Roberts <kroberts@abc-dc.com>,8/5/24 14:00,8/5/24 13:30,y
DC1,2080,Rack Power Audit,BreakFix,Power Supply: Rack Power Issue Detected,8/5/24 15:00,Resolved,Kevin Turner <kturner@abc-dc.com>,8/5/24 16:00,8/5/24 15:15,y
DC2,2081,Firewall Configuration,BreakFix,Network Device: Configuration Error,8/5/24 17:00,Resolved,Shirley Phillips <sphillips@abc-dc.com>,8/5/24 18:00,8/5/24 17:30,y
DC3,2082,Server Disk Replacement,BreakFix,Storage: Disk Failure Detected,8/5/24 19:00,Resolved,Edward Campbell <ecampbell@abc-dc.com>,8/5/24 20:00,8/5/24 19:15,n
DC4,2083,Power Supply Issue,BreakFix,Power Supply: Hardware Failure,8/5/24 21:00,Resolved,Amanda Parker <aparker@abc-dc.com>,8/5/24 22:00,8/5/24 21:30,n
DC5,2084,Firewall Security Audit,BreakFix,Network Device: Security Audit Required,8/5/24 23:00,Resolved,Brian Evans <bevans@abc-dc.com>,8/6/24 0:00,8/5/24 23:30,y
DC7,2130,UPS System Battery Replacement,BreakFix,Power Supply: UPS Battery Replacement Required,8/5/24 19:00,InProgress,Brian Evans <bevans@abc-dc.com>,8/5/24 20:00,8/5/24 19:15,y
DC4,2131,Network Switch Replacement,BreakFix,Network Device: Switch Malfunction Detected,8/5/24 21:00,Resolved,Carol Collins <ccollins@abc-dc.com>,8/5/24 22:00,8/5/24 21:15,n
DC2,2132,Server Rack Inspection,Maintenance,Environmental: Rack Inspection Required,8/5/24 23:00,Hold,Frank Edwards <fedwards@abc-dc.com>,8/6/24 0:00,8/5/24 23:30,y
DC6,2133,Power Supply Diagnostic,Maintenance,Power Supply: Diagnostic Testing Required,8/6/24 1:00,InProgress,Rebecca Stewart <rstewart@abc-dc.com>,8/6/24 2:00,8/6/24 1:15,n
DC3,2134,Firewall Security Patch,Maintenance,Network Device: Security Patch Installation,8/6/24 3:00,Resolved,George Carter <gcarter@abc-dc.com>,8/6/24 4:00,8/6/24 3:15,y
DC7,2135,Server OS Upgrade,Maintenance,Server: Operating System Upgrade Required,8/6/24 5:00,InProgress,Ashley Mitchell <amitchell@abc-dc.com>,8/6/24 6:00,8/6/24 5:30,n
DC1,2136,Network Cable Replacement,BreakFix,Network Device: Damaged Cable Detected,8/6/24 7:00,Hold,Joshua Perez <jperez@abc-dc.com>,8/6/24 8:00,8/6/24 7:15,y
DC8,2137,UPS System Test,Maintenance,Power Supply: UPS System Health Check,8/6/24 9:00,Resolved,Kevin Turner <kturner@abc-dc.com>,8/6/24 10:00,8/6/24 9:30,y
DC5,2138,Network Security Audit,Maintenance,Network Device: Security Audit Required,8/6/24 11:00,InProgress,Shirley Phillips <sphillips@abc-dc.com>,8/6/24 12:00,8/6/24 11:15,n
DC4,2139,Server Firmware Upgrade,Maintenance,Server: Firmware Upgrade Required,8/6/24 13:00,Resolved,Edward Campbell <ecampbell@abc-dc.com>,8/6/24 14:00,8/6/24 13:30,y
DC3,2140,Power Supply Replacement,BreakFix,Power Supply: Hardware Replacement Required,8/6/24 15:00,InProgress,Amanda Parker <aparker@abc-dc.com>,8/6/24 16:00,8/6/24 15:15,n
DC7,2141,Firewall Configuration Update,Maintenance,Network Device: Firewall Configuration Review,8/6/24 17:00,Resolved,Brian Evans <bevans@abc-dc.com>,8/6/24 18:00,8/6/24 17:30,y
DC2,2142,Server Disk Replacement,BreakFix,Storage: Disk Failure Detected,8/6/24 19:00,Hold,Carol Collins <ccollins@abc-dc.com>,8/6/24 20:00,8/6/24 19:15,n
DC6,2143,Network Device Firmware Update,Maintenance,Network Device: Firmware Outdated,8/6/24 21:00,Resolved,Frank Edwards <fedwards@abc-dc.com>,8/6/24 22:00,8/6/24 21:30,y
DC5,2144,Air Conditioning Maintenance,Maintenance,Environmental: AC Unit Servicing Required,8/6/24 23:00,InProgress,Rebecca Stewart <rstewart@abc-dc.com>,8/7/24 0:00,8/6/24 23:15,n
DC1,2145,Server Rack Reorganization,Maintenance,Environmental: Rack Cabling Organization,8/7/24 1:00,Hold,George Carter <gcarter@abc-dc.com>,8/7/24 2:00,8/7/24 1:15,y
DC4,2146,Power Distribution Unit Replacement,BreakFix,Power Supply: PDU Failure Detected,8/7/24 3:00,Resolved,Ashley Mitchell <amitchell@abc-dc.com>,8/7/24 4:00,8/7/24 3:15,n
DC8,2147,Server Cooling System Inspection,Maintenance,Environmental: Cooling System Health Check,8/7/24 5:00,InProgress,Joshua Perez <jperez@abc-dc.com>,8/7/24 6:00,8/7/24 5:30,y
DC6,2148,Firewall Intrusion Detection System Check,Maintenance,Network Device: IDS Monitoring Required,8/7/24 7:00,Resolved,Kevin Turner <kturner@abc-dc.com>,8/7/24 8:00,8/7/24 7:15,n
DC2,2149,Server BIOS Update,Maintenance,Server: BIOS Update Required,8/7/24 9:00,Hold,Shirley Phillips <sphillips@abc-dc.com>,8/7/24 10:00,8/7/24 9:15,y
DC7,2150,Power Supply Unit Inspection,Maintenance,Power Supply: Unit Inspection Required,8/7/24 11:00,InProgress,Edward Campbell <ecampbell@abc-dc.com>,8/7/24 12:00,8/7/24 11:30,n
DC1,2151,Network Security Firmware Update,Maintenance,Network Device: Firmware Update Required,8/7/24 13:00,Resolved,Amanda Parker <aparker@abc-dc.com>,8/7/24 14:00,8/7/24 13:30,y
DC5,2152,UPS Monitoring System Update,Maintenance,Power Supply: UPS Monitoring System Upgrade,8/7/24 15:00,Hold,Brian Evans <bevans@abc-dc.com>,8/7/24 16:00,8/7/24 15:15,n
DC3,2153,Server Disk Health Monitoring,Maintenance,Storage: Disk Health Monitoring Required,8/7/24 17:00,InProgress,Carol Collins <ccollins@abc-dc.com>,8/7/24 18:00,8/7/24 17:30,y
DC4,2154,Firewall Rule Review,Maintenance,Network Device: Firewall Rule Modification,8/7/24 19:00,Resolved,Frank Edwards <fedwards@abc-dc.com>,8/7/24 20:00,8/7/24 19:15,n
DC8,2155,Server Backup Test,Maintenance,Server: Backup Verification Required,8/7/24 21:00,Hold,Rebecca Stewart <rstewart@abc-dc.com>,8/7/24 22:00,8/7/24 21:30,y
DC6,2156,Network Cable Management,Maintenance,Network Device: Cable Organization Required,8/7/24 23:00,InProgress,George Carter <gcarter@abc-dc.com>,8/8/24 0:00,8/7/24 23:15,n
DC2,2157,Server Redundancy Check,Maintenance,Server: Redundancy Verification Required,8/8/24 1:00,Resolved,Ashley Mitchell <amitchell@abc-dc.com>,8/8/24 2:00,8/8/24 1:15,y
DC7,2158,UPS Battery Health Test,Maintenance,Power Supply: Battery Health Check Required,8/8/24 3:00,Hold,Joshua Perez <jperez@abc-dc.com>,8/8/24 4:00,8/8/24 3:30,n
DC1,2159,Firewall Intrusion Detection Update,Maintenance,Network Device: IDS Update Required,8/8/24 5:00,InProgress,Kevin Turner <kturner@abc-dc.com>,8/8/24 6:00,8/8/24 5:15,y
DC7,2160,Server Memory Upgrade,Maintenance,Server: Memory Upgrade Required,8/8/24 7:00,Resolved,Brian Evans <bevans@abc-dc.com>,8/8/24 8:00,8/8/24 7:15,n
DC3,2161,Power Supply Unit Health Check,Maintenance,Power Supply: Unit Health Monitoring,8/8/24 9:00,InProgress,Carol Collins <ccollins@abc-dc.com>,8/8/24 10:00,8/8/24 9:15,y
DC6,2162,Firewall Configuration Backup,Maintenance,Network Device: Configuration Backup Required,8/8/24 11:00,Resolved,Frank Edwards <fedwards@abc-dc.com>,8/8/24 12:00,8/8/24 11:30,n
DC2,2163,Server Rack Stability Test,Maintenance,Environmental: Rack Stability Verification,8/8/24 13:00,Hold,Rebecca Stewart <rstewart@abc-dc.com>,8/8/24 14:00,8/8/24 13:15,y
DC1,2164,Network Switch Reset,Maintenance,Network Device: Switch Unresponsive,8/8/24 15:00,InProgress,George Carter <gcarter@abc-dc.com>,8/8/24 16:00,8/8/24 15:15,n
DC5,2165,UPS System Battery Calibration,Maintenance,Power Supply: UPS Battery Calibration,8/8/24 17:00,Resolved,Ashley Mitchell <amitchell@abc-dc.com>,8/8/24 18:00,8/8/24 17:30,y
DC8,2166,Firewall Security Rules Update,Maintenance,Network Device: Firewall Security Rules Update,8/8/24 19:00,Hold,Joshua Perez <jperez@abc-dc.com>,8/8/24 20:00,8/8/24 19:15,n
DC4,2167,Server OS Security Patch,Maintenance,Server: Security Patch Installation,8/8/24 21:00,InProgress,Kevin Turner <kturner@abc-dc.com>,8/8/24 22:00,8/8/24 21:30,y
DC7,2168,Power Supply Unit Replacement,BreakFix,Power Supply: Hardware Failure,8/8/24 23:00,Resolved,Shirley Phillips <sphillips@abc-dc.com>,8/9/24 0:00,8/8/24 23:15,n
DC3,2169,Network Device Configuration Update,Maintenance,Network Device: Configuration Outdated,8/9/24 1:00,Hold,Edward Campbell <ecampbell@abc-dc.com>,8/9/24 2:00,8/9/24 1:15,y
DC6,2170,Server Rack Cooling System Inspection,Maintenance,Environmental: Cooling System Health Check,8/9/24 3:00,InProgress,Amanda Parker <aparker@abc-dc.com>,8/9/24 4:00,8/9/24 3:15,n
DC2,2171,Firewall Firmware Upgrade,Maintenance,Network Device: Firmware Upgrade Required,8/9/24 5:00,Resolved,Brian Evans <bevans@abc-dc.com>,8/9/24 6:00,8/9/24 5:30,y
DC1,2172,UPS Battery Replacement,Maintenance,Power Supply: Battery Failure Detected,8/9/24 7:00,Hold,Carol Collins <ccollins@abc-dc.com>,8/9/24 8:00,8/9/24 7:15,n
DC5,2173,Network Cable Reorganization,Maintenance,Network Device: Cable Management Required,8/9/24 9:00,InProgress,Frank Edwards <fedwards@abc-dc.com>,8/9/24 10:00,8/9/24 9:15,y
DC8,2174,Server Redundancy Test,Maintenance,Server: Redundancy Verification Required,8/9/24 11:00,Resolved,Rebecca Stewart <rstewart@abc-dc.com>,8/9/24 12:00,8/9/24 11:30,n
DC4,2175,Power Distribution Unit Firmware Update,Maintenance,Power Supply: PDU Firmware Upgrade,8/9/24 13:00,Hold,George Carter <gcarter@abc-dc.com>,8/9/24 14:00,8/9/24 13:15,y
DC7,2176,Firewall Security Patch,Maintenance,Network Device: Security Patch Required,8/9/24 15:00,InProgress,Ashley Mitchell <amitchell@abc-dc.com>,8/9/24 16:00,8/9/24 15:15,n
DC3,2177,UPS Monitoring System Check,Maintenance,Power Supply: UPS Monitoring System Review,8/9/24 17:00,Resolved,Joshua Perez <jperez@abc-dc.com>,8/9/24 18:00,8/9/24 17:30,y
DC6,2178,Server OS Patch Installation,Maintenance,Server: Operating System Patch Required,8/9/24 19:00,Hold,Kevin Turner <kturner@abc-dc.com>,8/9/24 20:00,8/9/24 19:15,n
DC2,2179,Network Device Hard Reset,Maintenance,Network Device: Unresponsive,8/9/24 21:00,InProgress,Shirley Phillips <sphillips@abc-dc.com>,8/9/24 22:00,8/9/24 21:30,y
DC1,2180,Firewall Configuration Verification,Maintenance,Network Device: Configuration Review Required,8/9/24 23:00,Resolved,Edward Campbell <ecampbell@abc-dc.com>,8/10/24 0:00,8/9/24 23:15,n
DC5,2181,Server Memory Check,Maintenance,Server: Memory Health Monitoring,8/10/24 1:00,Hold,Amanda Parker <aparker@abc-dc.com>,8/10/24 2:00,8/10/24 1:15,y
DC8,2182,UPS Voltage Regulation Test,Maintenance,Power Supply: Voltage Regulation Issue Detected,8/10/24 3:00,InProgress,Brian Evans <bevans@abc-dc.com>,8/10/24 4:00,8/10/24 3:15,n
DC4,2183,Network Security Configuration Audit,Maintenance,Network Device: Security Configuration Review,8/10/24 5:00,Resolved,Carol Collins <ccollins@abc-dc.com>,8/10/24 6:00,8/10/24 5:30,y
DC7,2184,Server BIOS Update,Maintenance,Server: BIOS Upgrade Required,8/10/24 7:00,Hold,Frank Edwards <fedwards@abc-dc.com>,8/10/24 8:00,8/10/24 7:15,n
DC3,2185,Power Supply Unit Replacement,BreakFix,Power Supply: Hardware Replacement Required,8/10/24 9:00,InProgress,Rebecca Stewart <rstewart@abc-dc.com>,8/10/24 10:00,8/10/24 9:15,y
DC6,2186,Firewall Intrusion Detection System Update,Maintenance,Network Device: IDS Update Required,8/10/24 11:00,Resolved,George Carter <gcarter@abc-dc.com>,8/10/24 12:00,8/10/24 11:30,n
DC2,2187,Server Backup Verification,Maintenance,Server: Backup Verification Required,8/10/24 13:00,Hold,Ashley Mitchell <amitchell@abc-dc.com>,8/10/24 14:00,8/10/24 13:15,y
DC1,2188,Network Cable Replacement,Maintenance,Network Device: Damaged Cable Detected,8/10/24 15:00,InProgress,Joshua Perez <jperez@abc-dc.com>,8/10/24 16:00,8/10/24 15:15,n
DC5,2189,UPS Battery Calibration,Maintenance,Power Supply: Battery Calibration Required,8/10/24 17:00,Resolved,Kevin Turner <kturner@abc-dc.com>,8/10/24 18:00,8/10/24 17:30,y
DC8,2190,Server Rack Power Audit,Maintenance,Power Supply: Rack Power Issue Detected,8/10/24 19:00,Hold,Shirley Phillips <sphillips@abc-dc.com>,8/10/24 20:00,8/10/24 19:15,n
DC4,2191,Network Switch Reboot,Maintenance,Network Device: Switch Unresponsive,8/10/24 21:00,InProgress,Edward Campbell <ecampbell@abc-dc.com>,8/10/24 22:00,8/10/24 21:15,y
DC7,2192,Firewall Rule Review,Maintenance,Network Device: Firewall Rule Review Required,8/10/24 23:00,Resolved,Amanda Parker <aparker@abc-dc.com>,8/11/24 0:00,8/10/24 23:15,n
DC3,2193,Server Disk Replacement,BreakFix,Storage: Disk Failure Detected,8/11/24 1:00,Hold,Brian Evans <bevans@abc-dc.com>,8/11/24 2:00,8/11/24 1:15,y
DC6,2194,Power Inverter Diagnostic,Mmaintenance,Power Supply: Inverter Failure Detected,8/11/24 3:00,InProgress,Carol Collins <ccollins@abc-dc.com>,8/11/24 4:00,8/11/24 3:30,n
DC2,2195,Server Memory Upgrade,Maintenance,Server: Memory Upgrade Required,8/11/24 5:00,Resolved,Frank Edwards <fedwards@abc-dc.com>,8/11/24 6:00,8/11/24 5:15,y
DC1,2196,Network Device Firmware Verification,Maintenance,Network Device: Firmware Integrity Check,8/11/24 7:00,Hold,Rebecca Stewart <rstewart@abc-dc.com>,8/11/24 8:00,8/11/24 7:30,n
DC5,2197,Server OS Security Update,Maintenance,Server: Security Update Required,8/11/24 9:00,InProgress,George Carter <gcarter@abc-dc.com>,8/11/24 10:00,8/11/24 9:15,y
DC8,2198,Firewall Configuration Backup,Maintenance,Network Device: Configuration Backup Required,8/11/24 11:00,Resolved,Ashley Mitchell <amitchell@abc-dc.com>,8/11/24 12:00,8/11/24 11:15,n
DC4,2199,UPS System Test,Maintenance,Power Supply: UPS System Health Check,8/11/24 13:00,InProgress,Kevin Turner <kturner@abc-dc.com>,8/11/24 14:00,8/11/24 13:30,y
DC7,2200,Server Cooling System Repair,Maintenance,Environmental: Cooling System Repair Required,8/11/24 15:00,InProgress,Kevin Turner <kturner@abc-dc.com>,8/11/24 16:00,8/11/24 15:30,n
DC2,2201,Firewall Configuration Update,Maintenance,Network Device: Firewall Configuration Update,8/5/24 9:00,InProgress,Jessica Ward <jward@abc-dc.com>,8/5/24 10:00,8/5/24 9:15,y
DC6,2202,Server Security Audit,Maintenance,Server: Security Audit Required,8/5/24 11:00,InProgress,Timothy Morgan <tmorgan@abc-dc.com>,8/5/24 12:00,8/5/24 11:30,n
DC4,2203,Power Supply Unit Check,Maintenance,Power Supply: Unit Health Check Required,8/5/24 13:00,InProgress,Brenda Peterson <bpeterson@abc-dc.com>,8/5/24 14:00,8/5/24 13:15,y
DC8,2204,Network Cable Replacement,Maintenance,Network Device: Damaged Cable Detected,8/5/24 15:00,InProgress,Jason Gray <jgray@abc-dc.com>,8/5/24 16:00,8/5/24 15:30,y
DC1,2205,Server Cooling System Inspection,Maintenance,Environmental: Cooling System Health Check,8/5/24 17:00,InProgress,Catherine Ramirez <cramirez@abc-dc.com>,8/5/24 18:00,8/5/24 17:15,n
DC5,2206,Firewall Security Configuration,Maintenance,Network Device: Security Configuration Required,8/5/24 19:00,InProgress,Scott James <sjames@abc-dc.com>,8/5/24 20:00,8/5/24 19:30,y
DC3,2207,Server Memory Upgrade,Maintenance,Server: Memory Upgrade Required,8/5/24 21:00,InProgress,Melissa Watson <mwatson@abc-dc.com>,8/5/24 22:00,8/5/24 21:15,y
DC7,2208,Power Distribution Unit Firmware Update,Maintenance,Power Supply: PDU Firmware Upgrade Required,8/5/24 23:00,InProgress,Eric Brooks <ebrooks@abc-dc.com>,8/6/24 0:00,8/5/24 23:30,n
DC6,2209,Firewall Security Rules Update,Maintenance,Network Device: Security Rules Update Required,8/6/24 1:00,InProgress,Amy Kelly <akelly@abc-dc.com>,8/6/24 2:00,8/6/24 1:15,y
DC4,2210,Server Disk Health Monitoring,Maintenance,Storage: Disk Health Check Required,8/6/24 3:00,InProgress,Dennis Sanders <dsanders@abc-dc.com>,8/6/24 4:00,8/6/24 3:30,n
DC8,2211,Network Device Firmware Update,Maintenance,Network Device: Firmware Upgrade Required,8/6/24 5:00,InProgress,Angela Price <aprice@abc-dc.com>,8/6/24 6:00,8/6/24 5:15,y
DC1,2212,UPS System Test,Maintenance,Power Supply: UPS System Health Check Required,8/6/24 7:00,InProgress,Joshua Bennett <jbennett@abc-dc.com>,8/6/24 8:00,8/6/24 7:30,n
DC5,2213,Server OS Security Patch,Maintenance,Server: Security Patch Installation Required,8/6/24 9:00,InProgress,Megan Wood <mwood@abc-dc.com>,8/6/24 10:00,8/6/24 9:15,y
DC3,2214,Network Device Reset,Maintenance,Network Device: Reset Required,8/6/24 11:00,InProgress,Ryan Barnes <rbarnes@abc-dc.com>,8/6/24 12:00,8/6/24 11:30,y
DC2,2215,Server Firmware Update,Maintenance,Server: Firmware Update Required,8/6/24 13:00,InProgress,Laura Ross <lross@abc-dc.com>,8/6/24 14:00,8/6/24 13:15,n
DC7,2216,Power Supply Unit Replacement,BreakFix,Power Supply: Unit Replacement Required,8/6/24 15:00,InProgress,Adam Henderson <ahenderson@abc-dc.com>,8/6/24 16:00,8/6/24 15:30,y
DC8,2217,Network Security Configuration Update,Maintenance,Network Device: Security Configuration Review,8/6/24 17:00,InProgress,Samantha Coleman <scoleman@abc-dc.com>,8/6/24 18:00,8/6/24 17:15,n
DC1,2218,Firewall Rule Verification,Maintenance,Network Device: Firewall Rule Verification,8/6/24 19:00,InProgress,Kevin Turner <kturner@abc-dc.com>,8/6/24 20:00,8/6/24 19:15,y
DC4,2219,Server Storage Expansion,Maintenance,Storage: Additional Storage Required,8/6/24 21:00,InProgress,Frank Edwards <fedwards@abc-dc.com>,8/6/24 22:00,8/6/24 21:30,n
DC5,2220,UPS Monitoring System Calibration,Maintenance,Power Supply: Monitoring System Calibration,8/6/24 23:00,InProgress,Rebecca Stewart <rstewart@abc-dc.com>,8/7/24 0:00,8/6/24 23:30,y
DC2,2221,Network Device Configuration Review,Maintenance,Network Device: Configuration Review Required,8/7/24 1:00,InProgress,Carol Collins <ccollins@abc-dc.com>,8/7/24 2:00,8/7/24 1:15,n
DC3,2222,Server Rack Cooling Audit,Maintenance,Environmental: Rack Cooling Issue Detected,8/7/24 3:00,InProgress,George Carter <gcarter@abc-dc.com>,8/7/24 4:00,8/7/24 3:15,y
DC6,2223,Firewall Security Rules Audit,Maintenance,Network Device: Firewall Security Audit Required,8/7/24 5:00,InProgress,Ashley Mitchell <amitchell@abc-dc.com>,8/7/24 6:00,8/7/24 5:30,n
DC1,2224,UPS System Firmware Update,Maintenance,Power Supply: Firmware Update Required,8/7/24 7:00,InProgress,Joshua Perez <jperez@abc-dc.com>,8/7/24 8:00,8/7/24 7:15,y
DC5,2225,Server OS Security Audit,Maintenance,Server: OS Security Audit Required,8/7/24 9:00,InProgress,Kimberly Roberts <kroberts@abc-dc.com>,8/7/24 10:00,8/7/24 9:15,n
DC7,2226,Power Supply Unit Inspection,Maintenance,Power Supply: Unit Inspection Required,8/7/24 11:00,InProgress,Brian Evans <bevans@abc-dc.com>,8/7/24 12:00,8/7/24 11:15,n
DC3,2227,Server Disk Health Check,Maintenance,Storage: Disk Health Monitoring Required,8/7/24 13:00,InProgress,Melissa Watson <mwatson@abc-dc.com>,8/7/24 14:00,8/7/24 13:30,y
DC6,2228,Firewall Intrusion Detection Test,Maintenance,Network Device: Intrusion Detection System Test Required,8/7/24 15:00,InProgress,Eric Brooks <ebrooks@abc-dc.com>,8/7/24 16:00,8/7/24 15:15,n
DC2,2229,Network Cable Replacement,Maintenance,Network Device: Cable Replacement Required,8/7/24 17:00,InProgress,Amy Kelly <akelly@abc-dc.com>,8/7/24 18:00,8/7/24 17:30,y
DC1,2230,Server OS Upgrade,Maintenance,Server: Operating System Upgrade Required,8/7/24 19:00,InProgress,Dennis Sanders <dsanders@abc-dc.com>,8/7/24 20:00,8/7/24 19:15,n
DC4,2231,Power Distribution Unit Health Check,Maintenance,Power Supply: PDU Health Monitoring Required,8/7/24 21:00,InProgress,Angela Price <aprice@abc-dc.com>,8/7/24 22:00,8/7/24 21:30,y
DC8,2232,Firewall Firmware Verification,Maintenance,Network Device: Firmware Integrity Check,8/7/24 23:00,InProgress,Joshua Bennett <jbennett@abc-dc.com>,8/8/24 0:00,8/7/24 23:30,n
DC5,2233,Server Disk Replacement,Maintenance,Storage: Disk Replacement Required,8/8/24 1:00,InProgress,Megan Wood <mwood@abc-dc.com>,8/8/24 2:00,8/8/24 1:15,y
DC3,2234,Network Device Hard Reset,Maintenance,Network Device: Hard Reset Required,8/8/24 3:00,InProgress,Ryan Barnes <rbarnes@abc-dc.com>,8/8/24 4:00,8/8/24 3:30,n
DC2,2235,Server Security Patch,Maintenance,Server: Security Patch Required,8/8/24 5:00,InProgress,Laura Ross <lross@abc-dc.com>,8/8/24 6:00,8/8/24 5:15,y
DC7,2236,Power Supply Voltage Test,Maintenance,Power Supply: Voltage Test Required,8/8/24 7:00,InProgress,Adam Henderson <ahenderson@abc-dc.com>,8/8/24 8:00,8/8/24 7:30,n
DC4,2237,Network Security Audit,Maintenance,Network Device: Security Audit Required,8/8/24 9:00,InProgress,Samantha Coleman <scoleman@abc-dc.com>,8/8/24 10:00,8/8/24 9:15,y
DC8,2238,Server Cooling System Repair,Maintenance,Environmental: Cooling System Repair Required,8/8/24 11:00,InProgress,Kevin Turner <kturner@abc-dc.com>,8/8/24 12:00,8/8/24 11:15,n
DC6,2239,Firewall Configuration Review,Maintenance,Network Device: Configuration Review Required,8/8/24 13:00,InProgress,Frank Edwards <fedwards@abc-dc.com>,8/8/24 14:00,8/8/24 13:15,y
DC1,2240,Server Rack Inspection,Maintenance,Environmental: Rack Inspection Required,8/8/24 15:00,InProgress,Rebecca Stewart <rstewart@abc-dc.com>,8/8/24 16:00,8/8/24 15:15,n
DC2,2241,Power Distribution Unit Replacement,Maintenance,Power Supply: PDU Replacement Required,8/8/24 17:00,InProgress,Carol Collins <ccollins@abc-dc.com>,8/8/24 18:00,8/8/24 17:15,y
DC3,2242,Firewall Rule Update,Maintenance,Network Device: Firewall Rule Modification Required,8/8/24 19:00,InProgress,George Carter <gcarter@abc-dc.com>,8/8/24 20:00,8/8/24 19:15,n
DC5,2243,UPS System Battery Check,Maintenance,Power Supply: Battery Health Check Required,8/8/24 21:00,InProgress,Ashley Mitchell <amitchell@abc-dc.com>,8/8/24 22:00,8/8/24 21:15,y
DC4,2244,Network Device Firmware Upgrade,Maintenance,Network Device: Firmware Upgrade Required,8/8/24 23:00,InProgress,Joshua Perez <jperez@abc-dc.com>,8/9/24 0:00,8/8/24 23:15,n
DC7,2245,Server OS Security Patch,Maintenance,Server: Security Patch Installation Required,8/9/24 1:00,InProgress,Kimberly Roberts <kroberts@abc-dc.com>,8/9/24 2:00,8/9/24 1:15,y
DC8,2246,Power Supply Backup Test,Maintenance,Power Supply: Backup System Health Check Required,8/9/24 3:00,InProgress,Brian Evans <bevans@abc-dc.com>,8/9/24 4:00,8/9/24 3:30,n
DC1,2247,Firewall Intrusion Detection System Update,Maintenance,Network Device: IDS Update Required,8/9/24 5:00,InProgress,Melissa Watson <mwatson@abc-dc.com>,8/9/24 6:00,8/9/24 5:15,y
DC3,2248,Server Memory Upgrade,Maintenance,Server: Memory Upgrade Required,8/9/24 7:00,InProgress,Eric Brooks <ebrooks@abc-dc.com>,8/9/24 8:00,8/9/24 7:15,n
DC6,2249,Network Security Patch,Maintenance,Network Device: Security Patch Installation Required,8/9/24 9:00,InProgress,Amy Kelly <akelly@abc-dc.com>,8/9/24 10:00,8/9/24 9:15,y
DC2,2250,Server Redundancy Check,Maintenance,Server: Redundancy Test Required,8/9/24 11:00,InProgress,Dennis Sanders <dsanders@abc-dc.com>,8/9/24 12:00,8/9/24 11:15,n
